FirstName;LastName;Email;DateOfBirth
Cole;Douglas;douglascole@mail.com;12.5.1987
Aydin;Palmer;aydinpalmer@mail.com;6.7.1955
Irene;Gordon;irenegordon@gmail.com;28.12.1990
Kimberly;Kennedy;kkennedy@mail.com;4.10.1974
Natalia;Alvarado;alvaradonatalia@gmail.com;9.5.1980
Aria;Dougherty;doughertya@mail.com;6.2.1965
Joey;Barr;joebarr@mail.com;1.4.1986
Marcel;Wilson;wilson.marcel@mail.com;16.7.1976
Julianna;Thornton;juliannathor@mail.com;19.5.1992
Jayla;Braun;braun.jayla@outlook.com;29.6.1988